{
  "Command": "",
  "Custom Command": "No",

  "Custom Directory": "No",
  "Working Directory": "\/Users\/adryd",

  "Foreground Color": {
    "Blue Component": 0.73333334922790527,
    "Green Component": 0.73333334922790527,
    "Red Component": 0.73333334922790527
  },
  "Background Color": {
    "Blue Component": 0,
    "Green Component": 0,
    "Red Component": 0
  },  
  "Cursor Text Color": {
    "Blue Component": 1,
    "Green Component": 1,
    "Red Component": 1
  },
  "Cursor Color": {
    "Blue Component": 0.73333334922790527,
    "Green Component": 0.73333334922790527,
    "Red Component": 0.73333334922790527
  },
  "Selection Color": {
    "Blue Component": 1,
    "Green Component": 0.8353000283241272,
    "Red Component": 0.70980000495910645
  },
  "Selected Text Color": {
    "Blue Component": 0,
    "Green Component": 0,
    "Red Component": 0
  },
  "Ansi 0 Color": {
    "Blue Component": 0,
    "Green Component": 0,
    "Red Component": 0
  },
  "Ansi 1 Color": {
    "Blue Component": 0,
    "Green Component": 0,
    "Red Component": 0.73333334922790527
  },
  "Ansi 2 Color": {
    "Blue Component": 0,
    "Green Component": 0.73333334922790527,
    "Red Component": 0
  },
  "Ansi 3 Color": {
    "Blue Component": 0,
    "Green Component": 0.73333334922790527,
    "Red Component": 0.73333334922790527
  },
  "Ansi 4 Color": {
    "Blue Component": 0.73333334922790527,
    "Green Component": 0,
    "Red Component": 0
  },
  "Ansi 5 Color": {
    "Blue Component": 0.73333334922790527,
    "Green Component": 0,
    "Red Component": 0.73333334922790527
  },
  "Ansi 6 Color": {
    "Blue Component": 0.73333334922790527,
    "Green Component": 0.73333334922790527,
    "Red Component": 0
  },
  "Ansi 7 Color": {
    "Blue Component": 0.73333334922790527,
    "Green Component": 0.73333334922790527,
    "Red Component": 0.73333334922790527
  },
  "Ansi 8 Color": {
    "Blue Component": 0.3333333432674408,
    "Green Component": 0.3333333432674408,
    "Red Component": 0.3333333432674408
  },
  "Ansi 9 Color": {
    "Blue Component": 0.3333333432674408,
    "Green Component": 0.3333333432674408,
    "Red Component": 1
  },
  "Ansi 10 Color": {
    "Blue Component": 0.3333333432674408,
    "Green Component": 1,
    "Red Component": 0.3333333432674408
  },
  "Ansi 11 Color": {
    "Blue Component": 0.3333333432674408,
    "Green Component": 1,
    "Red Component": 1
  },
  "Ansi 12 Color": {
    "Blue Component": 1,
    "Green Component": 0.3333333432674408,
    "Red Component": 0.3333333432674408
  },
  "Ansi 13 Color": {
    "Blue Component": 1,
    "Green Component": 0.3333333432674408,
    "Red Component": 1
  },
  "Ansi 14 Color": {
    "Blue Component": 1,
    "Green Component": 1,
    "Red Component": 0.3333333432674408
  },
  "Ansi 15 Color": {
    "Blue Component": 1,
    "Green Component": 1,
    "Red Component": 1
  },
  "Bold Color": {
    "Blue Component": 1,
    "Green Component": 1,
    "Red Component": 1
  },

  "Blinking Cursor": false,
  "Use Bold Font": true,
  "Use Bright Bold": true,
  "Use Italic Font": true,


  "ASCII Anti Aliased": true,
  "Non-ASCII Anti Aliased": true,

  "Ambiguous Double Width": false,

  "Normal Font": "Monaco 12",
  "Non Ascii Font": "Monaco 12",
  "Vertical Spacing": 1,
  "Horizontal Spacing": 1,
  "Use Non-ASCII Font": false,

  "Transparency": 0,
  "Blur": false,
  "Background Image Location": "",


  "Rows": 25,
  "Columns": 80,

  "Window Type": 0,
  "Screen": -1,
  
  "Unlimited Scrollback": false,
  "Scrollback Lines": 1000,

  "Terminal Type": "xterm-256color",
  "Character Encoding": 4,
  "Mouse Reporting": true,
  "Disable Window Resizing": true,

  "Visual Bell": true,
  "Flashing Bell": false,
  "Silence Bell": false,

  "Close Sessions On End": true,
  "Prompt Before Closing 2": false,
  "Jobs to Ignore": [
    "rlogin",
    "ssh",
    "slogin",
    "telnet"
  ],

  "Send Code When Idle": false,
  "Idle Code": 0,
  "Option Key Sends": 0,
  "Right Option Key Sends": 0,

  "Default Bookmark": "No",

  "Sync Title": false,
  "BM Growl": true,

  "Keyboard Map": {
    "0xf700-0x260000": {
      "Action": 10,
      "Text": "[1;6A"
    },
    "0x37-0x40000": {
      "Action": 11,
      "Text": "0x1f"
    },
    "0x32-0x40000": {
      "Action": 11,
      "Text": "0x00"
    },
    "0xf709-0x20000": {
      "Action": 10,
      "Text": "[17;2~"
    },
    "0xf70c-0x20000": {
      "Action": 10,
      "Text": "[20;2~"
    },
    "0xf729-0x20000": {
      "Action": 10,
      "Text": "[1;2H"
    },
    "0xf72b-0x40000": {
      "Action": 10,
      "Text": "[1;5F"
    },
    "0xf705-0x20000": {
      "Action": 10,
      "Text": "[1;2Q"
    },
    "0xf703-0x260000": {
      "Action": 10,
      "Text": "[1;6C"
    },
    "0xf700-0x220000": {
      "Action": 10,
      "Text": "[1;2A"
    },
    "0xf701-0x280000": {
      "Action": 11,
      "Text": "0x1b 0x1b 0x5b 0x42"
    },
    "0x38-0x40000": {
      "Action": 11,
      "Text": "0x7f"
    },
    "0x33-0x40000": {
      "Action": 11,
      "Text": "0x1b"
    },
    "0xf703-0x220000": {
      "Action": 10,
      "Text": "[1;2C"
    },
    "0xf701-0x240000": {
      "Action": 10,
      "Text": "[1;5B"
    },
    "0xf70d-0x20000": {
      "Action": 10,
      "Text": "[21;2~"
    },
    "0xf702-0x260000": {
      "Action": 10,
      "Text": "[1;6D"
    },
    "0xf729-0x40000": {
      "Action": 10,
      "Text": "[1;5H"
    },
    "0xf706-0x20000": {
      "Action": 10,
      "Text": "[1;2R"
    },
    "0x34-0x40000": {
      "Action": 11,
      "Text": "0x1c"
    },
    "0xf700-0x280000": {
      "Action": 11,
      "Text": "0x1b 0x1b 0x5b 0x41"
    },
    "0x2d-0x40000": {
      "Action": 11,
      "Text": "0x1f"
    },
    "0xf70e-0x20000": {
      "Action": 10,
      "Text": "[23;2~"
    },
    "0xf702-0x220000": {
      "Action": 10,
      "Text": "[1;2D"
    },
    "0xf703-0x280000": {
      "Action": 11,
      "Text": "0x1b 0x1b 0x5b 0x43"
    },
    "0xf700-0x240000": {
      "Action": 10,
      "Text": "[1;5A"
    },
    "0xf707-0x20000": {
      "Action": 10,
      "Text": "[1;2S"
    },
    "0xf70a-0x20000": {
      "Action": 10,
      "Text": "[18;2~"
    },
    "0x35-0x40000": {
      "Action": 11,
      "Text": "0x1d"
    },
    "0xf70f-0x20000": {
      "Action": 10,
      "Text": "[24;2~"
    },
    "0xf703-0x240000": {
      "Action": 10,
      "Text": "[1;5C"
    },
    "0xf701-0x260000": {
      "Action": 10,
      "Text": "[1;6B"
    },
    "0xf702-0x280000": {
      "Action": 11,
      "Text": "0x1b 0x1b 0x5b 0x44"
    },
    "0xf72b-0x20000": {
      "Action": 10,
      "Text": "[1;2F"
    },
    "0x36-0x40000": {
      "Action": 11,
      "Text": "0x1e"
    },
    "0xf708-0x20000": {
      "Action": 10,
      "Text": "[15;2~"
    },
    "0xf701-0x220000": {
      "Action": 10,
      "Text": "[1;2B"
    },
    "0xf70b-0x20000": {
      "Action": 10,
      "Text": "[19;2~"
    },
    "0xf702-0x240000": {
      "Action": 10,
      "Text": "[1;5D"
    },
    "0xf704-0x20000": {
      "Action": 10,
      "Text": "[1;2P"
    }
  }
}